월,주차,도서명
3월,1주,놀이터에 가요
3월,2주,나랑 같이 놀자
3월,3주,춤 나비가 훨훨
3월,4주,토리의 하루
4월,1주,"진구야, 안녕?"
4월,2주,무얼 먹을까?
4월,3주,곰 세 마리
4월,4주,"흠, 좋은 냄새"
5월,1주,무얼 타고 갈까?
5월,2주,꼭꼭 누가 숨었니?
5월,3주,우당탕 동물 농장
5월,4주,누가 먹을래?
6월,1주,너는 정말 특별해
6월,2주,동글동글 이건 뭘까?
6월,3주,아빠랑 나랑
6월,4주,이게 누구야?
7월,1주,노래하는 돼지
7월,2주,보글보글 거품놀이 해요
7월,3주,시장에 가요
7월,4주,나는? 나는!
8월,1주,"뽀얀 얼굴, 하얀 이"
8월,2주,정글은 재미있어
8월,3주,첨벙첨벙 물놀이
8월,4주,우리 같이 하자
9월,1주,쉿! 조용히 해!
9월,2주,"쉬워, 쉬워, 아주 쉬워"
9월,3주,"노랑아, 어디 가니?"
9월,4주,뽀뽀 한 번
10월,1주,우리 아빠는 정말 대단해
10월,2주,똥땅 똥땅 냄비로
10월,3주,"아이, 간지러워"
10월,4주,쌩쌩 달려요
11월,1주,킁킁 무슨 냄새지
11월,2주,즐겁게 춤을 추다가
11월,3주,삐뿌적
11월,4주,내가 혼자서
12월,1주,"야호, 첫 눈이다."
12월,2주,호아랑 아빠랑
12월,3주,달님의 크리스마스
12월,4주,잘 할 수 있어
1월,1주,뽀뽀를 쪽
1월,2주,"울어요, 웃어요"
1월,3주,아~함
1월,4주,올리볼리 할머니
2월,1주,쉿! 내 방에 괴물이 있어
2월,2주,아기 감이 자란다
2월,3주,과자 집을 짓자
2월,4주,어떻게 갈까?