월,만3세 인성동화,만3세 음악동화,만4세 음악동화,만5세 음악동화
3월,둥그르르 잠수함 유치원,I love train,"Hey,Mr.Choo choo, where are you going?",Magic train ride / Freight train
3월,춤 나비가 훨훨,The very hungry caterpillar,Spring is here,Tumford's rude noises
3월,"바쁘다, 바빠",Knock! knock! knock!,Ten little caterpillar,Mr.Gumpy's outing
3월,멋진 친구는 어디 있을까?,The chick and the duckling,When I was Five,Bee
4월,무슨 소리일까?,The journey home from grandpa's,If I had a dragon,Wow! said the owl
4월,"멋지다, 멋져",Bunny's noisy book,A very busy Spider,Butterfly
4월,날이면 날마다,Bear at home,Blue chameleon,Five little fiends
4월,돌돼지 씩씩이,Bear at work,What a wonderful world,Blue
5월,레몬을 먹은 건 누구?,My brother,My dad / My mom,The sun is my favorite star
5월,신기한 버스 여행,Driving my tractor,The wheels on the bus,Mr.Gumpy's motor car
5월,"한 조각, 열 조각",Bear about town,Arlo needs glasses,Baby bird
5월,괴물도 깜짝 못 할 거야,Bear's birthday,Far far Away,The red wall
6월,무엇일까요?,Dear.Zoo,Silly Sally,Suddenly!
6월,빨간 시소가 기우뚱,What's the time Mr.Wolf?,"Glad monster, sad monster","Slowly, slowly, slowly, said the sloth"
6월,딸꾹 딸꾹!,Rosie's walk,Barbapapa,A bit lost
6월,커다란 우산 하나,Bear in sunshine,Finding Jack,King bidgood's in the bathtub
7월,조용히 좀 해,A bear-y tale,Mole's in love,The pear in the pear tree
7월,빨간 풍선을 후 후,Things I like,와! 신나는 세계 여행,Bertie and the bear
7월,방귀 뿅뿅 오징어군,The rainbow fish,Swimmy,Sea
7월,더워 더워,Bear takes a trip,The earth book,Mister seahorse
8월,열 꼬마 도깨비,Where is the green sheep?,Thunder cake,Moondance
8월,텍텐원 맥 아저씨,"Snuggle up, sleepy ones",Little beaver and the echo,Mr.McGee and the blackberry jam
8월,달나라 옥토끼 방앗간,A house for zebra / can I play outside?,"Up, up, up",Hop jump
8월,개구리 아주머니의 아기보기,Bear's school day,Little cloud,The surprise party
9월,"변해라, 변해라, 얍!",Circus,Wolf won't bite!,The goodnight train
9월,열 꼬마 인디언,Hattie and the fox,The wind blew,When the wind stop
9월,내 친구는 외계인,Can you keep a secret?,We're going on a bear hunt,The odd egg
9월,아빠 여우는 왜 돼지 마을에 갔을까,Mole music,"Papa, please get the moon for me",Owl babies / Moon
10월,카멜레온 한 마리,The rainbow chameleon,Matilda's cat,Inside mary elizabeth's house
10월,어뜩망 있으면,The animal boogie,A new house for mouse,Like a windy day
10월,신발 한 짝,Kitten's first full moon,"The little mouse, the red ripe strawberry, and The big hungry bear",Mole's star
10월,공룡들이 달아났어요,Monkey and Me,Night animals,Bringing down the moon
11월,흰 눈이 펑 펑,심심한 아기별,Penguin and pinecone,The elephant and the bad baby
11월,뜨개질 하는 달님,"창문으로 넘어온 선물 / Merry christmas, big hungry bear",Christmas present,Snow
11월,누구에게 줄까요?,"달님, 안녕",The selfish crocodile,Suzy goose and the christmas star
11월,푸른 연못의 비밀,A taste of the moon,Winter in white,The memory tree
12월,잠이 안 와요,The farmer in the dell,Foggy foggy forest,One fine day
12월,자곡자곡 착 착,One mole digging a hole,Whole world,사자가 작아졌어!
12월,하리의 새 친구,The runaway bunny,It looked like spilt milk,Big secret
12월,한밤의 음악회,A lion's new hair(미용실 사자),Piggybook,Tree
1월,신나는 서커스,Bear in a square,How do you feel?,"A dark, dark tale"
2월,-,Seven blind mice,The way back home,-