월,주차,공통주제,만3세,만4세,만5세
3월,1주,기차,I love trains,Freight train,"Hey Mr.choo choo, where are you going?"
3월,2주,"동사,봄,요일",Clap your hands,The chick and the duckling,Today is Monday
3월,3주,날씨(5세:년),Weather!,Bear in sunshine,Hap-ped all year
3월,4주,봄,pop-up garden,Spring is here,When spring comes
4월,1주,동물,"Brown bear, brown bear, what do you see?/Bottoms up!",The very busy spider,Baby bird
4월,2주,신체,"Go away, big green monster",It's mine,Skeleton hiccups
4월,3주,자연(식물),I'm an apple,A seed grows,Caterpillar and the bean
4월,4주,놀이(동산),Maisy's funfair,Things I like,Rollercoaster
5월,1주,친구,My friends,Bear's birthday,Silly Billy
5월,2주,가족,My brother,Bear's busy family,My mom / My dad
5월,3주,감정,The color monster,How do you feel?,"Glad monster, Sad monster"
5월,4주,자동차,The journey home from grandpa's,The wheels on the bus,Choo choo clikety-clack
6월,1주,규칙,Brush your teeth please,"See you later, Aligator",The earth book
6월,2주,시계(3세:유치원),Bear's school day,Hickory dickory dock,What's the time Mr.Wolf?
6월,3주,도형,Spot looks at the shape,Bear in a square,The secret birthday message
6월,4주,직업1,Busy day Farmer,Busy day police officer,Busy day firefighter
7월,1주,"동작, 댄스",The animal boogie,We've all got bellybuttons,Foggy foggy forest
7월,2주,바다,Guess who ocean friends,Swimmy,A world beneath the waves sea
7월,3주,대조(5세:추측),Big fish little fish,Dogs,Seven blind mice
7월,4주,천둥(3세:바다),Hide and seek under the sea,Mr.Gumpy's motor car,Rain!
8월,1주,퀴즈,Dear.zoo,Who is the beast?,Little mouse's big secret
8월,2주,악기(5세:모험),"Toot, toot",Bertie and the bear,We're going on a bear hunt
8월,3주,숫자(5세:서수),One mole digging a hole,Over in the meadow,Creepy crawly calypso
8월,4주,의류(3세:동작),"Monkey see, monkey do",Hippo has a hat,The napping house
9월,1주,인사말,"Knock, knock, knock","Knock, knock, who's there?",Happy birthday moon
9월,2주,집구조(3세:목욕),Harry takes a bath,Bear at home,Finding Jack
9월,3주,구름,Little cloud,It looked like spilt milk,What are clouds?
9월,4주,서커스(5세:꿈기차),Maisy's circus show,Circus,The goodnight train
10월,1주,여행,Bunny's noisy book,"Up, up, up!",My cat likes to hide in the boxes
10월,2주,이야기(뮤지컬),Kitten's first full moon,Hattie and the fox,William Tell story
10월,3주,가을(낙엽),Rainbow chameleon,Leaves,A color of his own
10월,4주,할로윈,Happy Halloween,Silly ghosts,Halloween is / Haunted house
11월,1주,전치사,Can you keep a secret,Where's spot?,Silly Sally
11월,2주,가을(허수아비/4세:바람),"Hello, Fall!",The wind blew,Like a windy day
11월,3주,동물 묘사(4세:비교급),Monkey and me,Tiny's bath,"Slowly, slowly, slowly, said the sloth"
11월,4주,직업2(3세:모험),A hunting we will go,"Monster, monster",Busy day doctor
12월,1주,겨울(펭귄/5세:부엉이),Penguin problems,Penguin,A bit lost
12월,2주,겨울(썰매),Jingle Bells,A little book about Winter,Winter in white
12월,3주,크리스마스,The Christmas eve,"Merry Christmas, Big hungry bear",Suzy goose and the Christmas star
12월,4주,음식,A little book about food / My first book of fruit,Barbapapa,Eat together / Chili con carne
1월,1주,북워커,Music,I like books,Mole music
1월,2주,겨울(눈),Snow!,The snowy day,Without you / snow
1월,3주,"밤(5세:비교급,반대어)",When the moon smiled,Firework,"What's up, what's down?"
1월,4주,"공룡,괴물",Pop-up dinosaurs,If I had a dragon,Inside Mary Elizabeth's house
2월,1주,풍선(5세:자연물),Catch the ball,Blue chameleon,The bear's lunch
2월,2주,조동사(4세:최상급),Can I play outside?,"Papa, please get the moon for me",A new house for a mouse
2월,3주,탈것,Bear on a bike,Helicopter,"zoom, zoom, rocket, zoom"
2월,4주,뮤지컬,A taste of the moon,Five little fiends,King Bidgood's in the bathtub
비상용,-,-,"Polar bear, polar bear, what do you hear?",To market To market,Tumford's rude noises
비상용,-,-,Baby bear's busy day,Night animals,Thunder cake
부참,-,-,Dinnertime,The mixed-up chameleon,Silly Suzy goose